S1;S2;S3;S4;S5;S6;S7;S8;S9;S10;S11;S12;S13;S14;Label
944;943;891;891;0;936;936;972;969;0;891;184;991;959;1
944;942;772;772;0;936;936;971;968;0;772;531;991;959;1
944;942;628;628;0;936;936;970;968;0;628;538;991;959;1
944;942;489;489;0;936;935;971;968;0;489;531;991;958;1
961;957;726;726;0;950;951;986;984;0;726;0;1000;961;1
962;959;567;567;0;951;951;568;810;0;567;0;1002;962;1
945;943;552;552;0;937;937;971;968;0;552;353;991;958;1
948;946;726;726;0;940;940;725;972;0;726;0;992;959;1
945;943;892;892;0;937;937;970;967;0;892;295;991;958;1
944;943;956;956;0;937;936;970;967;0;956;169;991;958;1
944;943;956;956;0;937;936;956;968;0;956;3;991;957;1
945;943;835;835;0;937;937;775;968;0;835;103;991;957;1
944;943;751;751;0;937;937;970;966;0;751;382;991;957;1
940;939;759;759;0;933;932;964;961;0;759;653;988;952;1
954;945;488;488;0;936;936;539;970;0;488;0;992;957;1
939;936;952;952;0;930;930;963;960;0;952;719;987;950;1
945;943;957;957;0;937;937;969;966;0;957;353;993;958;1
932;930;946;946;0;924;924;957;954;0;946;609;985;945;1
945;943;957;957;0;937;937;968;965;0;957;385;992;957;1
945;943;957;957;0;937;937;968;965;0;957;375;992;956;1
937;935;874;874;0;928;928;960;957;0;874;592;986;948;1
933;931;947;947;0;925;924;957;954;0;947;550;985;945;1
941;939;954;954;0;933;933;963;961;0;954;515;988;952;1
945;943;957;957;0;937;937;969;966;0;957;197;990;956;1
945;943;941;941;0;937;937;967;964;0;941;454;991;955;1
946;944;957;957;0;938;938;786;968;0;957;0;992;956;1
1023;1023;176;176;0;1023;1023;1023;1023;0;176;175;1023;1023;1
1023;1023;109;109;0;1023;1023;1023;1023;0;109;1023;1023;1023;1
1023;1023;435;435;0;959;1023;1023;1023;0;435;1023;1023;1023;1
1023;1023;1023;1023;0;1023;1023;1023;1023;0;1023;1023;1023;457;1
1023;1023;1023;1023;0;1023;1023;1023;1023;0;1023;1023;1023;1023;1
1023;1023;1023;1023;0;1023;1023;1023;1023;0;1023;1023;1023;1023;1
1023;1023;1023;1023;0;1023;1023;1023;1023;0;1023;1023;1023;1023;1
1023;1023;1023;1023;0;1023;1023;1023;1023;0;1023;1023;1023;1023;1
1023;1023;1023;1023;0;1023;1023;1023;1023;0;1023;1023;1023;1023;1
1023;1023;1023;1023;0;1023;1023;1023;1023;0;1023;1023;1023;1023;1
873;1023;698;698;0;1023;1023;1023;1023;0;698;1023;1023;1023;1
628;1023;1023;1023;0;1023;1023;1023;1023;0;1023;1023;1023;1023;1
1023;1023;1023;1023;0;1023;1023;1023;1023;0;1023;1023;1023;474;1
1023;1023;1023;1023;0;1023;1023;1023;1023;0;1023;1023;1023;603;1
1023;1023;1023;1023;0;1023;1023;1023;1023;0;1023;1023;1023;1023;1
1023;1023;1023;1023;0;1023;1023;1023;1023;0;1023;1023;1023;1023;1
944;943;891;891;0;936;936;972;969;0;891;184;991;959;1
944;942;772;772;0;936;936;971;968;0;772;531;991;959;1
944;942;628;628;0;936;936;970;968;0;628;538;991;959;1
944;942;489;489;0;936;935;971;968;0;489;531;991;958;1
961;957;726;726;0;950;951;986;984;0;726;0;1000;961;1
962;959;567;567;0;951;951;568;810;0;567;0;1002;962;1
945;943;552;552;0;937;937;971;968;0;552;353;991;958;1
948;946;726;726;0;940;940;725;972;0;726;0;992;959;1
945;943;892;892;0;937;937;970;967;0;892;295;991;958;1
944;943;956;956;0;937;936;970;967;0;956;169;991;958;1
944;943;956;956;0;937;936;956;968;0;956;3;991;957;1
945;943;835;835;0;937;937;775;968;0;835;103;991;957;1
944;943;751;751;0;937;937;970;966;0;751;382;991;957;1
940;939;759;759;0;933;932;964;961;0;759;653;988;952;1
954;945;488;488;0;936;936;539;970;0;488;0;992;957;1
939;936;952;952;0;930;930;963;960;0;952;719;987;950;1
945;943;957;957;0;937;937;969;966;0;957;353;993;958;1
932;930;946;946;0;924;924;957;954;0;946;609;985;945;1
945;943;957;957;0;937;937;968;965;0;957;385;992;957;1
945;943;957;957;0;937;937;968;965;0;957;375;992;956;1
937;935;874;874;0;928;928;960;957;0;874;592;986;948;1
933;931;947;947;0;925;924;957;954;0;947;550;985;945;1
941;939;954;954;0;933;933;963;961;0;954;515;988;952;1
945;943;957;957;0;937;937;969;966;0;957;197;990;956;1
945;943;941;941;0;937;937;967;964;0;941;454;991;955;1
946;944;957;957;0;938;938;786;968;0;957;0;992;956;1
1023;1023;176;176;0;1023;1023;1023;1023;0;176;175;1023;1023;1
1023;1023;109;109;0;1023;1023;1023;1023;0;109;1023;1023;1023;1
1023;1023;435;435;0;959;1023;1023;1023;0;435;1023;1023;1023;1
1023;1023;1023;1023;0;1023;1023;1023;1023;0;1023;1023;1023;457;1
1023;1023;1023;1023;0;1023;1023;1023;1023;0;1023;1023;1023;1023;1
1023;1023;1023;1023;0;1023;1023;1023;1023;0;1023;1023;1023;1023;1
1023;1023;1023;1023;0;1023;1023;1023;1023;0;1023;1023;1023;1023;1
1023;1023;1023;1023;0;1023;1023;1023;1023;0;1023;1023;1023;1023;1
1023;1023;1023;1023;0;1023;1023;1023;1023;0;1023;1023;1023;1023;1
1023;1023;1023;1023;0;1023;1023;1023;1023;0;1023;1023;1023;1023;1
873;1023;698;698;0;1023;1023;1023;1023;0;698;1023;1023;1023;1
628;1023;1023;1023;0;1023;1023;1023;1023;0;1023;1023;1023;1023;1
1023;1023;1023;1023;0;1023;1023;1023;1023;0;1023;1023;1023;474;1
1023;1023;1023;1023;0;1023;1023;1023;1023;0;1023;1023;1023;603;1
1023;1023;1023;1023;0;1023;1023;1023;1023;0;1023;1023;1023;1023;1
1023;1023;1023;1023;0;1023;1023;1023;1023;0;1023;1023;1023;1023;1
944;943;891;891;0;936;936;972;969;0;891;184;991;959;1
944;942;772;772;0;936;936;971;968;0;772;531;991;959;1
944;942;628;628;0;936;936;970;968;0;628;538;991;959;1
944;942;489;489;0;936;935;971;968;0;489;531;991;958;1
961;957;726;726;0;950;951;986;984;0;726;0;1000;961;1
962;959;567;567;0;951;951;568;810;0;567;0;1002;962;1
945;943;552;552;0;937;937;971;968;0;552;353;991;958;1
948;946;726;726;0;940;940;725;972;0;726;0;992;959;1
945;943;892;892;0;937;937;970;967;0;892;295;991;958;1
944;943;956;956;0;937;936;970;967;0;956;169;991;958;1
944;943;956;956;0;937;936;956;968;0;956;3;991;957;1
945;943;835;835;0;937;937;775;968;0;835;103;991;957;1
944;943;751;751;0;937;937;970;966;0;751;382;991;957;1
940;939;759;759;0;933;932;964;961;0;759;653;988;952;1
954;945;488;488;0;936;936;539;970;0;488;0;992;957;1
939;936;952;952;0;930;930;963;960;0;952;719;987;950;1
945;943;957;957;0;937;937;969;966;0;957;353;993;958;1
932;930;946;946;0;924;924;957;954;0;946;609;985;945;1
945;943;957;957;0;937;937;968;965;0;957;385;992;957;1
945;943;957;957;0;937;937;968;965;0;957;375;992;956;1
937;935;874;874;0;928;928;960;957;0;874;592;986;948;1
933;931;947;947;0;925;924;957;954;0;947;550;985;945;1
941;939;954;954;0;933;933;963;961;0;954;515;988;952;1
945;943;957;957;0;937;937;969;966;0;957;197;990;956;1
945;943;941;941;0;937;937;967;964;0;941;454;991;955;1
946;944;957;957;0;938;938;786;968;0;957;0;992;956;1
1023;1023;176;176;0;1023;1023;1023;1023;0;176;175;1023;1023;1
1023;1023;109;109;0;1023;1023;1023;1023;0;109;1023;1023;1023;1
1023;1023;435;435;0;959;1023;1023;1023;0;435;1023;1023;1023;1
1023;1023;1023;1023;0;1023;1023;1023;1023;0;1023;1023;1023;457;1
1023;1023;1023;1023;0;1023;1023;1023;1023;0;1023;1023;1023;1023;1
1023;1023;1023;1023;0;1023;1023;1023;1023;0;1023;1023;1023;1023;1
1023;1023;1023;1023;0;1023;1023;1023;1023;0;1023;1023;1023;1023;1
1023;1023;1023;1023;0;1023;1023;1023;1023;0;1023;1023;1023;1023;1
1023;1023;1023;1023;0;1023;1023;1023;1023;0;1023;1023;1023;1023;1
1023;1023;1023;1023;0;1023;1023;1023;1023;0;1023;1023;1023;1023;1
873;1023;698;698;0;1023;1023;1023;1023;0;698;1023;1023;1023;1
628;1023;1023;1023;0;1023;1023;1023;1023;0;1023;1023;1023;1023;1
1023;1023;1023;1023;0;1023;1023;1023;1023;0;1023;1023;1023;474;1
1023;1023;1023;1023;0;1023;1023;1023;1023;0;1023;1023;1023;603;1
1023;1023;1023;1023;0;1023;1023;1023;1023;0;1023;1023;1023;1023;1
1023;1023;1023;1023;0;1023;1023;1023;1023;0;1023;1023;1023;1023;1
944;943;891;891;0;936;936;972;969;0;891;184;991;959;1
944;942;772;772;0;936;936;971;968;0;772;531;991;959;1
1023;1023;1023;1023;0;1023;1023;1023;1023;0;1023;1023;1023;603;1
1023;1023;1023;1023;0;1023;1023;1023;1023;0;1023;1023;1023;1023;1
1023;1023;1023;1023;0;1023;1023;1023;1023;0;1023;1023;1023;1023;1
944;943;891;891;0;936;936;972;969;0;891;184;991;959;1
944;942;772;772;0;936;936;971;968;0;772;531;991;959;1
944;942;772;772;772;936;936;971;968;772;772;531;991;959;2
944;942;628;628;628;936;936;970;968;628;628;538;991;959;2
944;942;489;489;489;936;935;971;968;489;489;531;991;958;2
961;957;726;726;726;950;951;986;984;726;726;0;1000;961;2
962;959;567;567;567;951;951;568;810;567;567;0;1002;962;2
945;943;552;552;552;937;937;971;968;552;552;353;991;958;2
948;946;726;726;726;940;940;725;972;726;726;0;992;959;2
945;943;892;892;892;937;937;970;967;892;892;295;991;958;2
944;943;956;956;956;937;936;970;967;956;956;169;991;958;2
944;943;956;956;956;937;936;956;968;956;956;3;991;957;2
945;943;835;835;835;937;937;775;968;835;835;103;991;957;2
944;943;751;751;751;937;937;970;966;751;751;382;991;957;2
940;939;759;759;759;933;932;964;961;759;759;653;988;952;2
954;945;488;488;488;936;936;539;970;488;488;0;992;957;2
939;936;952;952;952;930;930;963;960;952;952;719;987;950;2
945;943;957;957;957;937;937;969;966;957;957;353;993;958;2
932;930;946;946;946;924;924;957;954;946;946;609;985;945;2
945;943;957;957;957;937;937;968;965;957;957;385;992;957;2
945;943;957;957;957;937;937;968;965;957;957;375;992;956;2
937;935;874;874;874;928;928;960;957;874;874;592;986;948;2
933;931;947;947;947;925;924;957;954;947;947;550;985;945;2
941;939;954;954;954;933;933;963;961;954;954;515;988;952;2
945;943;957;957;957;937;937;969;966;957;957;197;990;956;2
945;943;941;941;941;937;937;967;964;941;941;454;991;955;2
946;944;957;957;957;938;938;786;968;957;957;0;992;956;2
1023;1023;176;176;176;1023;1023;1023;1023;176;176;175;1023;1023;2
1023;1023;109;109;109;1023;1023;1023;1023;109;109;1023;1023;1023;2
1023;1023;435;435;435;959;1023;1023;1023;435;435;1023;1023;1023;2
1023;1023;1023;1023;1023;1023;1023;1023;1023;1023;1023;1023;1023;457;2
1023;1023;1023;1023;1023;1023;1023;1023;1023;1023;1023;1023;1023;1023;2
1023;1023;1023;1023;1023;1023;1023;1023;1023;1023;1023;1023;1023;1023;2
1023;1023;1023;1023;1023;1023;1023;1023;1023;1023;1023;1023;1023;1023;2
1023;1023;1023;1023;1023;1023;1023;1023;1023;1023;1023;1023;1023;1023;2
1023;1023;1023;1023;1023;1023;1023;1023;1023;1023;1023;1023;1023;1023;2
1023;1023;1023;1023;1023;1023;1023;1023;1023;1023;1023;1023;1023;1023;2
873;1023;698;698;698;1023;1023;1023;1023;698;698;1023;1023;1023;2
628;1023;1023;1023;1023;1023;1023;1023;1023;1023;1023;1023;1023;1023;2
1023;1023;1023;1023;1023;1023;1023;1023;1023;1023;1023;1023;1023;474;2
1023;1023;1023;1023;1023;1023;1023;1023;1023;1023;1023;1023;1023;603;2
1023;1023;1023;1023;1023;1023;1023;1023;1023;1023;1023;1023;1023;1023;2
1023;1023;1023;1023;1023;1023;1023;1023;1023;1023;1023;1023;1023;1023;2
944;942;772;772;772;936;936;971;968;772;772;531;991;959;2
944;942;628;628;628;936;936;970;968;628;628;538;991;959;2
944;942;489;489;489;936;935;971;968;489;489;531;991;958;2
961;957;726;726;726;950;951;986;984;726;726;0;1000;961;2
962;959;567;567;567;951;951;568;810;567;567;0;1002;962;2
945;943;552;552;552;937;937;971;968;552;552;353;991;958;2
948;946;726;726;726;940;940;725;972;726;726;0;992;959;2
945;943;892;892;892;937;937;970;967;892;892;295;991;958;2
944;943;956;956;956;937;936;970;967;956;956;169;991;958;2
944;943;956;956;956;937;936;956;968;956;956;3;991;957;2
945;943;835;835;835;937;937;775;968;835;835;103;991;957;2
944;943;751;751;751;937;937;970;966;751;751;382;991;957;2
940;939;759;759;759;933;932;964;961;759;759;653;988;952;2
954;945;488;488;488;936;936;539;970;488;488;0;992;957;2
939;936;952;952;952;930;930;963;960;952;952;719;987;950;2
945;943;957;957;957;937;937;969;966;957;957;353;993;958;2
932;930;946;946;946;924;924;957;954;946;946;609;985;945;2
945;943;957;957;957;937;937;968;965;957;957;385;992;957;2
945;943;957;957;957;937;937;968;965;957;957;375;992;956;2
937;935;874;874;874;928;928;960;957;874;874;592;986;948;2
933;931;947;947;947;925;924;957;954;947;947;550;985;945;2
941;939;954;954;954;933;933;963;961;954;954;515;988;952;2
945;943;957;957;957;937;937;969;966;957;957;197;990;956;2
945;943;941;941;941;937;937;967;964;941;941;454;991;955;2
946;944;957;957;957;938;938;786;968;957;957;0;992;956;2
1023;1023;176;176;176;1023;1023;1023;1023;176;176;175;1023;1023;2
1023;1023;109;109;109;1023;1023;1023;1023;109;109;1023;1023;1023;2
1023;1023;435;435;435;959;1023;1023;1023;435;435;1023;1023;1023;2
1023;1023;1023;1023;1023;1023;1023;1023;1023;1023;1023;1023;1023;457;2
1023;1023;1023;1023;1023;1023;1023;1023;1023;1023;1023;1023;1023;1023;2
1023;1023;1023;1023;1023;1023;1023;1023;1023;1023;1023;1023;1023;1023;2
1023;1023;1023;1023;1023;1023;1023;1023;1023;1023;1023;1023;1023;1023;2
1023;1023;1023;1023;1023;1023;1023;1023;1023;1023;1023;1023;1023;1023;2
1023;1023;1023;1023;1023;1023;1023;1023;1023;1023;1023;1023;1023;1023;2
1023;1023;1023;1023;1023;1023;1023;1023;1023;1023;1023;1023;1023;1023;2
873;1023;698;698;698;1023;1023;1023;1023;698;698;1023;1023;1023;2
628;1023;1023;1023;1023;1023;1023;1023;1023;1023;1023;1023;1023;1023;2
1023;1023;1023;1023;1023;1023;1023;1023;1023;1023;1023;1023;1023;474;2
1023;1023;1023;1023;1023;1023;1023;1023;1023;1023;1023;1023;1023;603;2
1023;1023;1023;1023;1023;1023;1023;1023;1023;1023;1023;1023;1023;1023;2
1023;1023;1023;1023;1023;1023;1023;1023;1023;1023;1023;1023;1023;1023;2
944;942;772;772;772;936;936;971;968;772;772;531;991;959;2
944;942;628;628;628;936;936;970;968;628;628;538;991;959;2
944;942;489;489;489;936;935;971;968;489;489;531;991;958;2
961;957;726;726;726;950;951;986;984;726;726;0;1000;961;2
962;959;567;567;567;951;951;568;810;567;567;0;1002;962;2
945;943;552;552;552;937;937;971;968;552;552;353;991;958;2
948;946;726;726;726;940;940;725;972;726;726;0;992;959;2
945;943;892;892;892;937;937;970;967;892;892;295;991;958;2
944;943;956;956;956;937;936;970;967;956;956;169;991;958;2
944;943;956;956;956;937;936;956;968;956;956;3;991;957;2
945;943;835;835;835;937;937;775;968;835;835;103;991;957;2
944;943;751;751;751;937;937;970;966;751;751;382;991;957;2
940;939;759;759;759;933;932;964;961;759;759;653;988;952;2
954;945;488;488;488;936;936;539;970;488;488;0;992;957;2
939;936;952;952;952;930;930;963;960;952;952;719;987;950;2
945;943;957;957;957;937;937;969;966;957;957;353;993;958;2
932;930;946;946;946;924;924;957;954;946;946;609;985;945;2
945;943;957;957;957;937;937;968;965;957;957;385;992;957;2
945;943;957;957;957;937;937;968;965;957;957;375;992;956;2
937;935;874;874;874;928;928;960;957;874;874;592;986;948;2
933;931;947;947;947;925;924;957;954;947;947;550;985;945;2
941;939;954;954;954;933;933;963;961;954;954;515;988;952;2
945;943;957;957;957;937;937;969;966;957;957;197;990;956;2
945;943;941;941;941;937;937;967;964;941;941;454;991;955;2
946;944;957;957;957;938;938;786;968;957;957;0;992;956;2
1023;1023;176;176;176;1023;1023;1023;1023;176;176;175;1023;1023;2
1023;1023;109;109;109;1023;1023;1023;1023;109;109;1023;1023;1023;2
1023;1023;435;435;435;959;1023;1023;1023;435;435;1023;1023;1023;2
1023;1023;1023;1023;1023;1023;1023;1023;1023;1023;1023;1023;1023;457;2
1023;1023;1023;1023;1023;1023;1023;1023;1023;1023;1023;1023;1023;1023;2
1023;1023;1023;1023;1023;1023;1023;1023;1023;1023;1023;1023;1023;1023;2
1023;1023;1023;1023;1023;1023;1023;1023;1023;1023;1023;1023;1023;1023;2
1023;1023;1023;1023;1023;1023;1023;1023;1023;1023;1023;1023;1023;1023;2
1023;1023;1023;1023;1023;1023;1023;1023;1023;1023;1023;1023;1023;1023;2
1023;1023;1023;1023;1023;1023;1023;1023;1023;1023;1023;1023;1023;1023;2
873;1023;698;698;698;1023;1023;1023;1023;698;698;1023;1023;1023;2
628;1023;1023;1023;1023;1023;1023;1023;1023;1023;1023;1023;1023;1023;2
1023;1023;1023;1023;1023;1023;1023;1023;1023;1023;1023;1023;1023;474;2
1023;1023;1023;1023;1023;1023;1023;1023;1023;1023;1023;1023;1023;603;2
1023;1023;1023;1023;1023;1023;1023;1023;1023;1023;1023;1023;1023;1023;2
1023;1023;1023;1023;1023;1023;1023;1023;1023;1023;1023;1023;1023;1023;2
944;942;772;772;772;936;936;971;968;772;772;531;991;959;2
944;942;628;628;628;936;936;970;968;628;628;538;991;959;2
944;942;489;489;489;936;935;971;968;489;489;531;991;958;2
961;957;726;726;726;950;951;986;984;726;726;0;1000;961;2
962;959;567;567;567;951;951;568;810;567;567;0;1002;962;2
944;942;772;772;772;936;936;971;968;772;772;531;991;959;2
944;942;628;628;628;936;936;970;968;628;628;538;991;959;2
944;942;489;489;489;936;935;971;968;489;489;531;991;958;2
961;957;726;726;726;950;951;986;984;726;726;0;1000;961;2
962;959;567;567;567;951;951;568;810;567;567;0;1002;962;2
944;942;772;0;0;936;936;971;968;0;0;531;991;959;3
944;942;628;0;0;936;936;970;968;0;0;538;991;959;3
944;942;489;0;0;936;935;971;968;0;0;531;991;958;3
961;957;726;0;0;950;951;986;984;0;0;0;1000;961;3
962;959;567;0;0;951;951;568;810;0;0;0;1002;962;3
945;943;552;0;0;937;937;971;968;0;0;353;991;958;3
948;946;726;0;0;940;940;725;972;0;0;0;992;959;3
945;943;892;0;0;937;937;970;967;0;0;295;991;958;3
944;943;956;0;0;937;936;970;967;0;0;169;991;958;3
944;943;956;0;0;937;936;956;968;0;0;3;991;957;3
945;943;835;0;0;937;937;775;968;0;0;103;991;957;3
944;943;751;0;0;937;937;970;966;0;0;382;991;957;3
940;939;759;0;0;933;932;964;961;0;0;653;988;952;3
954;945;488;0;0;936;936;539;970;0;0;0;992;957;3
939;936;952;0;0;930;930;963;960;0;0;719;987;950;3
945;943;957;0;0;937;937;969;966;0;0;353;993;958;3
932;930;946;0;0;924;924;957;954;0;0;609;985;945;3
945;943;957;0;0;937;937;968;965;0;0;385;992;957;3
945;943;957;0;0;937;937;968;965;0;0;375;992;956;3
937;935;874;0;0;928;928;960;957;0;0;592;986;948;3
933;931;947;0;0;925;924;957;954;0;0;550;985;945;3
941;939;954;0;0;933;933;963;961;0;0;515;988;952;3
945;943;957;0;0;937;937;969;966;0;0;197;990;956;3
945;943;941;0;0;937;937;967;964;0;0;454;991;955;3
946;944;957;0;0;938;938;786;968;0;0;0;992;956;3
1023;1023;176;0;0;1023;1023;1023;1023;0;0;175;1023;1023;3
1023;1023;109;0;0;1023;1023;1023;1023;0;0;1023;1023;1023;3
1023;1023;435;0;0;959;1023;1023;1023;0;0;1023;1023;1023;3
1023;1023;1023;0;0;1023;1023;1023;1023;0;0;1023;1023;457;3
1023;1023;1023;0;0;1023;1023;1023;1023;0;0;1023;1023;1023;3
1023;1023;1023;0;0;1023;1023;1023;1023;0;0;1023;1023;1023;3
1023;1023;1023;0;0;1023;1023;1023;1023;0;0;1023;1023;1023;3
1023;1023;1023;0;0;1023;1023;1023;1023;0;0;1023;1023;1023;3
1023;1023;1023;0;0;1023;1023;1023;1023;0;0;1023;1023;1023;3
1023;1023;1023;0;0;1023;1023;1023;1023;0;0;1023;1023;1023;3
873;1023;698;0;0;1023;1023;1023;1023;0;0;1023;1023;1023;3
628;1023;1023;0;0;1023;1023;1023;1023;0;0;1023;1023;1023;3
1023;1023;1023;0;0;1023;1023;1023;1023;0;0;1023;1023;474;3
1023;1023;1023;0;0;1023;1023;1023;1023;0;0;1023;1023;603;3
1023;1023;1023;0;0;1023;1023;1023;1023;0;0;1023;1023;1023;3
1023;1023;1023;0;0;1023;1023;1023;1023;0;0;1023;1023;1023;3
1023;1023;1023;0;0;1023;1023;1023;1023;0;0;1023;1023;474;3
1023;1023;1023;0;0;1023;1023;1023;1023;0;0;1023;1023;603;3
1023;1023;1023;0;0;1023;1023;1023;1023;0;0;1023;1023;1023;3
1023;1023;1023;0;0;1023;1023;1023;1023;0;0;1023;1023;1023;3
944;942;772;0;0;936;936;971;968;0;0;531;991;959;3
944;942;628;0;0;936;936;970;968;0;0;538;991;959;3
944;942;489;0;0;936;935;971;968;0;0;531;991;958;3
961;957;726;0;0;950;951;986;984;0;0;0;1000;961;3
962;959;567;0;0;951;951;568;810;0;0;0;1002;962;3
945;943;552;0;0;937;937;971;968;0;0;353;991;958;3
948;946;726;0;0;940;940;725;972;0;0;0;992;959;3
945;943;892;0;0;937;937;970;967;0;0;295;991;958;3
944;943;956;0;0;937;936;970;967;0;0;169;991;958;3
944;943;956;0;0;937;936;956;968;0;0;3;991;957;3
945;943;835;0;0;937;937;775;968;0;0;103;991;957;3
944;943;751;0;0;937;937;970;966;0;0;382;991;957;3
940;939;759;0;0;933;932;964;961;0;0;653;988;952;3
954;945;488;0;0;936;936;539;970;0;0;0;992;957;3
939;936;952;0;0;930;930;963;960;0;0;719;987;950;3
945;943;957;0;0;937;937;969;966;0;0;353;993;958;3
932;930;946;0;0;924;924;957;954;0;0;609;985;945;3
945;943;957;0;0;937;937;968;965;0;0;385;992;957;3
945;943;957;0;0;937;937;968;965;0;0;375;992;956;3
937;935;874;0;0;928;928;960;957;0;0;592;986;948;3
933;931;947;0;0;925;924;957;954;0;0;550;985;945;3
941;939;954;0;0;933;933;963;961;0;0;515;988;952;3
945;943;957;0;0;937;937;969;966;0;0;197;990;956;3
945;943;941;0;0;937;937;967;964;0;0;454;991;955;3
946;944;957;0;0;938;938;786;968;0;0;0;992;956;3
1023;1023;176;0;0;1023;1023;1023;1023;0;0;175;1023;1023;3
1023;1023;109;0;0;1023;1023;1023;1023;0;0;1023;1023;1023;3
1023;1023;435;0;0;959;1023;1023;1023;0;0;1023;1023;1023;3
1023;1023;1023;0;0;1023;1023;1023;1023;0;0;1023;1023;457;3
1023;1023;1023;0;0;1023;1023;1023;1023;0;0;1023;1023;1023;3
1023;1023;1023;0;0;1023;1023;1023;1023;0;0;1023;1023;1023;3
1023;1023;1023;0;0;1023;1023;1023;1023;0;0;1023;1023;1023;3
1023;1023;1023;0;0;1023;1023;1023;1023;0;0;1023;1023;1023;3
1023;1023;1023;0;0;1023;1023;1023;1023;0;0;1023;1023;1023;3
1023;1023;1023;0;0;1023;1023;1023;1023;0;0;1023;1023;1023;3
873;1023;698;0;0;1023;1023;1023;1023;0;0;1023;1023;1023;3
628;1023;1023;0;0;1023;1023;1023;1023;0;0;1023;1023;1023;3
1023;1023;1023;0;0;1023;1023;1023;1023;0;0;1023;1023;474;3
1023;1023;1023;0;0;1023;1023;1023;1023;0;0;1023;1023;603;3
1023;1023;1023;0;0;1023;1023;1023;1023;0;0;1023;1023;1023;3
1023;1023;1023;0;0;1023;1023;1023;1023;0;0;1023;1023;1023;3
1023;1023;1023;0;0;1023;1023;1023;1023;0;0;1023;1023;474;3
1023;1023;1023;0;0;1023;1023;1023;1023;0;0;1023;1023;603;3
1023;1023;1023;0;0;1023;1023;1023;1023;0;0;1023;1023;1023;3
1023;1023;1023;0;0;1023;1023;1023;1023;0;0;1023;1023;1023;3
944;942;772;0;0;936;936;971;968;0;0;531;991;959;3
944;942;628;0;0;936;936;970;968;0;0;538;991;959;3
944;942;489;0;0;936;935;971;968;0;0;531;991;958;3
961;957;726;0;0;950;951;986;984;0;0;0;1000;961;3
962;959;567;0;0;951;951;568;810;0;0;0;1002;962;3
945;943;552;0;0;937;937;971;968;0;0;353;991;958;3
948;946;726;0;0;940;940;725;972;0;0;0;992;959;3
945;943;892;0;0;937;937;970;967;0;0;295;991;958;3
944;943;956;0;0;937;936;970;967;0;0;169;991;958;3
944;943;956;0;0;937;936;956;968;0;0;3;991;957;3
945;943;835;0;0;937;937;775;968;0;0;103;991;957;3
944;943;751;0;0;937;937;970;966;0;0;382;991;957;3
940;939;759;0;0;933;932;964;961;0;0;653;988;952;3
954;945;488;0;0;936;936;539;970;0;0;0;992;957;3
939;936;952;0;0;930;930;963;960;0;0;719;987;950;3
945;943;957;0;0;937;937;969;966;0;0;353;993;958;3
932;930;946;0;0;924;924;957;954;0;0;609;985;945;3
945;943;957;0;0;937;937;968;965;0;0;385;992;957;3
945;943;957;0;0;937;937;968;965;0;0;375;992;956;3
937;935;874;0;0;928;928;960;957;0;0;592;986;948;3
933;931;947;0;0;925;924;957;954;0;0;550;985;945;3
941;939;954;0;0;933;933;963;961;0;0;515;988;952;3
945;943;957;0;0;937;937;969;966;0;0;197;990;956;3
945;943;941;0;0;937;937;967;964;0;0;454;991;955;3
946;944;957;0;0;938;938;786;968;0;0;0;992;956;3
1023;1023;176;0;0;1023;1023;1023;1023;0;0;175;1023;1023;3
1023;1023;109;0;0;1023;1023;1023;1023;0;0;1023;1023;1023;3
1023;1023;435;0;0;959;1023;1023;1023;0;0;1023;1023;1023;3
1023;1023;1023;0;0;1023;1023;1023;1023;0;0;1023;1023;457;3
1023;1023;1023;0;0;1023;1023;1023;1023;0;0;1023;1023;1023;3
1023;1023;1023;0;0;1023;1023;1023;1023;0;0;1023;1023;1023;3
1023;1023;1023;0;0;1023;1023;1023;1023;0;0;1023;1023;1023;3
1023;1023;1023;0;0;1023;1023;1023;1023;0;0;1023;1023;1023;3
1023;1023;1023;0;0;1023;1023;1023;1023;0;0;1023;1023;1023;3
1023;1023;1023;0;0;1023;1023;1023;1023;0;0;1023;1023;1023;3
873;1023;698;0;0;1023;1023;1023;1023;0;0;1023;1023;1023;3
628;1023;1023;0;0;1023;1023;1023;1023;0;0;1023;1023;1023;3
1023;1023;1023;0;0;1023;1023;1023;1023;0;0;1023;1023;474;3
1023;1023;1023;0;0;1023;1023;1023;1023;0;0;1023;1023;603;3
1023;1023;1023;0;0;1023;1023;1023;1023;0;0;1023;1023;1023;3
1023;1023;1023;0;0;1023;1023;1023;1023;0;0;1023;1023;1023;3
1023;1023;1023;0;0;1023;1023;1023;1023;0;0;1023;1023;474;3
1023;1023;1023;0;0;1023;1023;1023;1023;0;0;1023;1023;603;3
1023;1023;1023;0;0;1023;1023;1023;1023;0;0;1023;1023;603;3
