Muestra,Zona_Alta,Zona_Media,Zona_Baja,Diagnostico,,,
1,45.9,20.9,33.1,Pie Cavo,,Pie Cavo:,18
1,43.7,25,31.4,Pie Normal,,Pie Normal:,19
2,45.7,24.5,29.9,Pie Normal,,Pie Plano:,18
2,41.5,29.9,28.6,Pie Plano ,,Total:,55
3,44.9,23.7,31.4,Pie Normal,,,
3,43.7,24.6,31.7,Pie Normal,,,
4,50.5,12.1,37.4,Pie Cavo,,,
4,50.2,15.1,34.7,Pie Cavo,,,
5,45.7,14.1,40.2,Pie Cavo,,,
6,44.9,23.6,31.6,Pie Normal,,,
6,48.2,21.7,30.1,Pie Normal,,,
7,55.2,3.99,41.3,Pie Cavo,,,
8,52.7,12.7,34.6,Pie Cavo,,,
8,51.3,17.4,31.3,Pie Cavo,,,
9,48.8,18.2,33,Pie Normal,,,
9,45.6,21.5,32.9,Pie Normal,,,
,,,,,,,
10,40,25,35,Pie Plano,,,
10,45,22.6,31,Pie Normal,,,
10,35,35,30,Pie Plano,,,
10,40,10,50,Pie Cavo,,,
11,35,20,45,Pie Normal,,,
11,30,15,55,Pie Cavo,,,
12,50,15,35,Pie Normal,,,
12,50,7,43,Pie Cavo,,,
12,33.3,33.3,33.3,Pie Plano,,,
13,40,30,30,Pie Plano,,,
13,50,10,40,Pie Cavo,,,
13,45,24,31,Pie Normal,,,
15,48,5,47,Pie Cavo,,,
15,42,19,39,Pie Normal,,,
15,37,25,38,Pie Normal,,,
15,41.5,28.6,29.9,Pie Plano,,,
16,35,30,35,Pie Plano,,,
16,45,25,30,Pie Normal,,,
16,48,12,40,Pie Cavo,,,
18,40,24,36,Pie Normal,,,
18,39,31,30,Pie Plano,,,
18,47.5,2.5,50,Pie Cavo,,,
19,48.5,1.5,50,Pie Cavo,,,
19,34,22,44,Pie Normal,,,
19,33,28,39,Pie Plano,,,
20,40,20,40,Pie Normal,,,
20,40,15,45,Pie Plano,,,
20,31,32,37,Pie Plano,,,
20,33.3,33.3,33.3,Pie Plano,,,
21,40,25,35,Pie Plano,,,
21,38,32,30,Pie Plano,,,
21,34,31,35,Pie Plano,,,
21,32,34,34,Pie Plano,,,
22,50,1,49,Pie Cavo,,,
22,48,5,47,Pie Cavo,,,
22,40,18,42,Pie Cavo,,,
22,40,20,40,Pie Normal,,,
22,37,30,33,Pie Plano,,,
22,33.3,33.3,33.3,Pie Plano,,,
22,31,39,30,Pie Plano,,,